<?xml version="1.0" encoding="UTF-8"?>
<beans xmlns="http://www.springframework.org/schema/beans"
	xmlns:xsi="http://www.w3.org/2001/XMLSchema-instance"
	xmlns:context="http://www.springframework.org/schema/context"
	xmlns:tx="http://www.springframework.org/schema/tx"
	xmlns:aop="http://www.springframework.org/schema/aop"
	xsi:schemaLocation="
		http://www.springframework.org/schema/beans
		http://www.springframework.org/schema/beans/spring-beans.xsd
		http://www.springframework.org/schema/context
		http://www.springframework.org/schema/context/spring-context-2.5.xsd
	    http://www.springframework.org/schema/tx http://www.springframework.org/schema/tx/spring-tx-2.5.xsd
        http://www.springframework.org/schema/aop http://www.springframework.org/schema/aop/spring-aop-2.5.xsd">
	<context:annotation-config/>
	<!--  <context:component-scan base-package="com.lyq"/>-->
	<bean id="dataSource" class="org.apache.commons.dbcp.BasicDataSource" destroy-method="close">
		   
		  <property name="driverClassName" value="com.microsoft.sqlserver.jdbc.SQLServerDriver"/>    
        
          <property name="url" value="jdbc:sqlserver://localhost:1433;databaseName=boke"/>
      
          <property name="username" value="sa"/>
         
          <property name="password" value="root"/>
         
          
          
	</bean>
	
	 <bean id="sessionFactory" class="org.springframework.orm.hibernate4.LocalSessionFactoryBean">
			<property name="dataSource" ref="dataSource"/>
			<property name="configLocation">
				<value>classpath:/hibernate.cfg.xml</value>
			</property>	
		
	</bean>
	<bean id="HibernateUtil" class="com.boke.util.HibernateUtil">
		<property name="sessionFactory" ref="sessionFactory"></property>
	</bean>
	
	
	<bean id="txManager" class="org.springframework.orm.hibernate4.HibernateTransactionManager">
		<property name="sessionFactory" ref ="sessionFactory">
		</property>
	
	</bean>
	
	
</beans>