<?xml version="1.0" encoding="UTF-8"?>  
 <!DOCTYPE struts PUBLIC    
    "-//Apache Software Foundation//DTD Struts Configuration 2.3//EN"   
    "http://struts.apache.org/dtds/struts-2.3.dtd">  
<struts> 
<constant name="struts.multipart.maxSize" value="209715200"/>  
<constant name="struts.multipart.saveDir" value="/tmp"></constant>
<package name="first" namespace="/" extends="struts-default">
	<action name="LoginA"  class="com.boke.action.loginaction">
		<result name="success">/index.jsp</result>
		<result name="login">/error.jsp</result>
	</action>
	
	<action name="fileUpload" class="com.boke.action.uploadaction">
		<result name="success">/upload.jsp</result>
	</action>
	
	<action name="playlist" class="com.boke.action.playlistaction">
		<result name="success">/playlist.jsp</result>
	</action>
	
	<action name="play" class="com.boke.action.playaction">
			<result name="success">/play.jsp</result>
	</action>
	<action name="outlogin" class="com.boke.action.outloginaction">
		<result name="success">/index.jsp</result>
	</action>
</package>  

	

</struts>  