<?xml version="1.0" encoding="UTF-8"?>
<!DOCTYPE hibernate-mapping PUBLIC 
		  "-//Hibernate/Hibernate Mapping DTD 3.0//EN"
		  "http://hibernate.sourceforge.net/hibernate-mapping-3.0.dtd">
		  
		  
<hibernate-mapping>
	<class name="com.boke.entity.Case" table="exam">
		<id name="timeid" type="java.lang.String">
			<column name="id"/>
			<generator class="assigned"/>
			
		</id>
		<property name="dir" type="java.lang.String">
			<column name="path"></column>
		</property>
		<property name="content" type="java.lang.String">
			<column name="content"></column>
		</property>
		<property name="flag" type="int">
			<column name="flag"></column>
		</property>
	</class>
</hibernate-mapping>