<?xml version="1.0" encoding="UTF-8"?>
<!DOCTYPE hibernate-mapping PUBLIC 
		  "-//Hibernate/Hibernate Mapping DTD 3.0//EN"
		  "http://hibernate.sourceforge.net/hibernate-mapping-3.0.dtd">
		  
		  
<hibernate-mapping>
	<class name="com.boke.entity.Logininformation" table="manager">
		<id name="name" type="java.lang.String">
			<column name="name"/>
			
		</id>
		<property name="password" type="java.lang.String">
			<column name="password"></column>
		</property>
		
	</class>
</hibernate-mapping>