<?xml version="1.0" encoding="UTF-8"?>
<!DOCTYPE hibernate-mapping PUBLIC 
		  "-//Hibernate/Hibernate Mapping DTD 3.0//EN"
		  "http://hibernate.sourceforge.net/hibernate-mapping-3.0.dtd">
		  
		  
<hibernate-mapping>
	<class name="com.boke.entity.Tag" table="tag">
		<id name="vid" type="java.lang.String">
			<column name="vid"/>
			<generator class="assigned"/>
			
		</id>
		<property name="game" type="int">
			<column name="game"></column>
		</property>
		<property name="funny" type="int">
			<column name="funny"></column>
		</property>
		<property name="news" type="int">
			<column name="news"></column>
		</property>
		<property name="life" type="int">
			<column name="life"></column>
		</property>
		<property name="other" type="int">
			<column name="other"></column>
		</property>
	</class>
</hibernate-mapping>