<?xml version="1.0" encoding="UTF-8"?>
<!DOCTYPE hibernate-mapping PUBLIC 
		  "-//Hibernate/Hibernate Mapping DTD 3.0//EN"
		  "http://hibernate.sourceforge.net/hibernate-mapping-3.0.dtd">
		  
		  
<hibernate-mapping>
	<class name="com.boke.entity.Video" table="videos">
		<id name="vid" type="java.lang.String">
			<column name="vid"/>
			<generator class="assigned"/>
			
		</id>
		<property name="title" type="java.lang.String">
			<column name="title"></column>
		</property>
		<property name="describe" type="java.lang.String">
			<column name="describe"></column>
		</property>
		<property name="videodir" type="java.lang.String">
			<column name="videodir"></column>
		</property>
		<property name="xdvideodir" type="java.lang.String">
			<column name="xdvideodir"></column>
		</property>
		<property name="picturedir" type="java.lang.String">
			<column name="picturedir"></column>
		</property>
		<property name="xdpicturedir" type="java.lang.String">
			<column name="xdpicturedir"></column>
		</property>
		<property name="vodeostatic" type="int">
			<column name="videostatic"></column>
		</property>
	</class>
</hibernate-mapping>